Modele,Scenario,F1,Precision,Recall,PR-AUC,Evasion%
Baseline,Propres,0.9109858747877606,0.9878656703262264,0.845208268742511,0.9881082574429519,15.479173125748904
Baseline,PGD,0.8305806364015479,0.9857391144208746,0.7176242867078372,0.9781989240185794,28.237571329216276
Approche 1 FGSM-AT,PGD,0.7700055560369655,0.9829390177246818,0.6329006795652793,0.969772407892666,36.709932043472065
Approche 2 PGD-AT,PGD,0.7424566220017574,0.9782817210194574,0.5982436882546652,0.9603591106064366,40.17563117453348
Approche 3 PGD-AT Corr,Propres,0.9115877429793448,0.986268773161693,0.8474204171240395,0.988234216253878,15.257958287596049
Approche 3 PGD-AT Corr,FGSM,0.7396575388934988,0.9805180429488599,0.593794253441818,0.9631437033147652,40.6205746558182
Approche 3 PGD-AT Corr,PGD,0.732693115029387,0.9802299948047571,0.5849707979654938,0.9608068252417182,41.502920203450614
Feat. Squeezing,Propres,0.8818272185481565,0.9620389811036723,0.81396167285342,0.9770109186508698,18.603832714657997
Feat. Squeezing,PGD,0.8449445577513656,0.9591565187771438,0.7550380841454319,0.9721533420844738,24.4961915854568
