Modele,Scenario,F1,Precision,Recall,PR-AUC,Evasion%
Baseline,Propres,0.9109858747877606,0.9878656703262264,0.845208268742511,0.9881082574429519,15.479173125748904
Baseline,FGSM,0.8532790626902008,0.9863790772072161,0.7518287931222296,0.9818689997603361,24.81712068777704
Baseline,PGD,0.8305806364015479,0.9857391144208746,0.7176242867078372,0.9781989240185794,28.237571329216276
Adv. Training,Propres,0.8971480804387568,0.9868186891080747,0.8224164369328227,0.9871691346798502,17.758356306717722
Adv. Training,FGSM,0.7721585329242292,0.9830150545435701,0.6357831759412105,0.9708766555702751,36.421682405878954
Adv. Training,PGD,0.7700055560369655,0.9829390177246818,0.6329006795652793,0.969772407892666,36.709932043472065
Feat. Squeezing,Propres,0.8818272185481565,0.9620389811036723,0.81396167285342,0.9770109186508698,18.603832714657997
Feat. Squeezing,FGSM,0.8570235471523026,0.9601908841387341,0.7738748627881449,0.973429817418749,22.612513721185508
Feat. Squeezing,PGD,0.8449445577513656,0.9591565187771438,0.7550380841454319,0.9721533420844738,24.4961915854568
